order_month_year,monthly_orders,monthly_revenue
2025-07,2741,238532.9002660513
2025-08,5851,517330.48058247566
2025-09,6701,586340.9208109379
2025-10,6801,597729.5704566427
